codigo_uni,nomfan_uni,descri_div,keyagr_agr,datalocal_atg,dia_mes_ano,mes,ano,6_42_valmet_atg,6_42_valatg_atg,6_42_valpro_atg,6_42_poratg_atg,6_42_porpro_atg,8_20804_valmet_atg,8_20804_valatg_atg,8_20804_valpro_atg,8_20804_poratg_atg,8_20804_porpro_atg,8_63_valmet_atg,8_63_valatg_atg,8_63_valpro_atg,8_63_poratg_atg,8_63_porpro_atg,8_64_valmet_atg,8_64_valatg_atg,8_64_valpro_atg,8_64_poratg_atg,8_64_porpro_atg,8_65_valmet_atg,8_65_valatg_atg,8_65_valpro_atg,8_65_poratg_atg,8_65_porpro_atg,8_66_valmet_atg,8_66_valatg_atg,8_66_valpro_atg,8_66_poratg_atg,8_66_porpro_atg,10_85_valmet_atg,10_85_valatg_atg,10_85_valpro_atg,10_85_poratg_atg,10_85_porpro_atg,10_87_valmet_atg,10_87_valatg_atg,10_87_valpro_atg,10_87_poratg_atg,10_87_porpro_atg,10_89_valmet_atg,10_89_valatg_atg,10_89_valpro_atg,10_89_poratg_atg,10_89_porpro_atg,10_91_valmet_atg,10_91_valatg_atg,10_91_valpro_atg,10_91_poratg_atg,10_91_porpro_atg,10_93_valmet_atg,10_93_valatg_atg,10_93_valpro_atg,10_93_poratg_atg,10_93_porpro_atg,10_95_valmet_atg,10_95_valatg_atg,10_95_valpro_atg,10_95_poratg_atg,10_95_porpro_atg,26_227_valmet_atg,26_227_valatg_atg,26_227_valpro_atg,26_227_poratg_atg,26_227_porpro_atg,26_228_valmet_atg,26_228_valatg_atg,26_228_valpro_atg,26_228_poratg_atg,26_228_porpro_atg,27_233_valmet_atg,27_233_valatg_atg,27_233_valpro_atg,27_233_poratg_atg,27_233_porpro_atg,27_234_valmet_atg,27_234_valatg_atg,27_234_valpro_atg,27_234_poratg_atg,27_234_porpro_atg,31_259_valmet_atg,31_259_valatg_atg,31_259_valpro_atg,31_259_poratg_atg,31_259_porpro_atg,31_260_valmet_atg,31_260_valatg_atg,31_260_valpro_atg,31_260_poratg_atg,31_260_porpro_atg,74_710_valmet_atg,74_710_valatg_atg,74_710_valpro_atg,74_710_poratg_atg,74_710_porpro_atg,74_711_valmet_atg,74_711_valatg_atg,74_711_valpro_atg,74_711_poratg_atg,74_711_porpro_atg
2143,"FORD MATRIZ",FORD,NULL,"2023-04-29 23:23:17",2023-04-30,4,2023,0,35250.92,0,0,0,0,0,0,0,0,0,353312.32,0,0,0,120000,69138.36,62350.92,2.3047999999999997,2.0784000000000002,200000,284173.96,256260.52,5.6836,5.1251999999999995,0,82380.87,0,0,0,0,779561.1,0,0,0,0,80230.01,0,0,0,0,175245.27,0,0,0,0,32773.73,0,0,0,0,387535.89,0,0,0,0,103776.21,0,0,0,0,95149.59,0,0,0,2500000,1380819.7,1380819.7,2.2092,2.2092,0,18113.5,0,0,0,1000000,392900,392900,1.5715999999999999,1.5715999999999999,0,-300,0,0,0,0,1410000,0,0,0,45000,185355.67,191223.67,16.476,16.9976,0,14957.52,0,0,0
2143,"FORD MATRIZ",FORD,NULL,"2023-10-31 18:01:11",2023-10-31,10,2023,0,39848.56,0,0,0,0,2112.7296373056993,0,0,0,0,407756.82,0,0,0,120000,78658.97,77417.96,2.4277777777777776,2.3892592592592594,200000,329097.85,325517.57,6.094444444444445,6.028148148148148,0,92476.92,0,0,0,0,987638.59,0,0,0,0,271375.76,0,0,0,0,119177.72,0,0,0,0,53905.73,0,0,0,0,403066.64,0,0,0,0,140112.75,0,0,0,0,89832.82,0,0,0,2500000,993270,782134.15,1.4714814814814814,1.1588888888888889,0,57173.24,0,0,0,1000000,809600,795024.88,2.998518518518518,2.9444444444444446,0,-200,0,0,0,0,613780,0,0,0,45000,86744.73,90102.78,7.13962962962963,7.415925925925926,0,16836.17,0,0,0
2143,"FORD MATRIZ",FORD,NULL,"2023-11-01 00:42:18",2023-11-30,11,2023,0,40702.5,0,0,0,0,691.19,0,0,0,0,2764.76,0,0,0,150000,1018.4,151498.39,0.025185185185185185,3.740740740740741,250000,1746.36,677512.27,0.025925925925925925,10.037037037037036,0,272.91,0,0,0,0,983508.78,0,0,0,0,270966.49,0,0,0,0,116077.03,0,0,0,0,53515.02,0,0,0,0,402470,0,0,0,0,140480.24,0,0,0,0,89832.82,0,0,0,2500000,993270,934070,1.4714814814814814,1.3837037037037037,0,57173.24,0,0,0,1000000,809600,843081,2.998518518518518,3.122592592592593,0,-200,0,0,0,0,613780,0,0,0,45000,386,195519.73,0.03185185185185185,16.092222222222222,0,147.26,0,0,0
2143,"FORD MATRIZ",FORD,NULL,"2023-03-31 18:01:10",2023-03-31,3,2023,0,40499.76,0,0,0,0,0,0,0,0,0,466023.02,0,0,0,120000,94556.55,91244.87,3.5818181818181816,3.4563636363636365,200000,371466.47,348346.1,8.442272727272726,7.916818181818181,0,116997.2,0,0,0,0,851268.47,0,0,0,0,58197.96,0,0,0,0,165755.47,0,0,0,0,71632.8,0,0,0,0,430260.98,0,0,0,0,125421.26,0,0,0,0,56878.91,0,0,0,2500000,1173990,1208230.78,2.1345454545454547,2.196818181818182,0,17111.59,0,0,0,1000000,998496,628148,4.538636363636363,2.855,0,0,0,0,0,0,0,0,0,0,45000,262839.34,266599.9,26.549545454545456,26.929090909090913,0,27344.34,0,0,0
2143,"FORD MATRIZ",FORD,NULL,"2023-09-30 23:23:14",2023-09-30,9,2023,0,32547.96,0,0,0,0,2353.438995215311,0,0,0,0,491868.75,0,0,0,120000,87274.75,86907.43,2.693703703703704,2.6822222222222223,200000,404594,389704.46,7.492592592592593,7.216666666666667,0,106584.84,0,0,0,0,929133.33,0,0,0,0,239042.72,0,0,0,0,127221.46,0,0,0,0,36518.67,0,0,0,0,393288.87,0,0,0,0,133061.6,0,0,0,0,23681.48,0,0,0,2500000,409900,452985.31,0.6074074074074074,0.6711111111111111,0,163.75,0,0,0,1000000,794780,829271.35,2.943703703703704,3.0714814814814817,0,-200,0,0,0,0,683780,0,0,0,45000,117526.24,123054.93,9.672962962962963,10.128148148148147,0,16321.71,0,0,0
2143,"FORD MATRIZ",FORD,NULL,"2023-02-28 18:01:06",2023-02-28,2,2023,0,56209.44,0,0,0,0,0,0,0,0,0,327973.03,0,0,0,120000,65860.26,61195.91,2.4945454545454546,2.3181818181818183,200000,262112.77,250130.32,5.957272727272727,5.685,0,70341.57,0,0,0,0,753784.58,0,0,0,0,53394.07,0,0,0,0,157339.22,0,0,0,0,50169.01,0,0,0,0,387323.29,0,0,0,0,105559,0,0,0,0,65304.34,0,0,0,2500000,779520.55,538748.43,1.4172727272727272,0.9795454545454546,0,26665.65,0,0,0,1000000,1193700,1218486.58,5.425909090909091,5.538636363636363,0,0,0,0,0,0,0,0,0,0,45000,98632.33,105656,9.962727272727273,10.672272727272727,0,16837.34,0,0,0
2143,"FORD MATRIZ",FORD,NULL,"2023-08-31 18:01:13",2023-08-31,8,2023,0,83403.36,0,0,0,0,2079.799702970297,0,0,0,0,420119.54,0,0,0,120000,62024.55,59899.65,1.9144444444444444,1.848888888888889,200000,358094.99,349470.53,6.631481481481482,6.471851851851852,0,105563.19,0,0,0,0,905220.74,0,0,0,0,217821.5,0,0,0,0,137056.97,0,0,0,0,32799.02,0,0,0,0,383279.75,0,0,0,0,134263.5,0,0,0,0,56085.97,0,0,0,2500000,666162.41,714371.3,0.9870370370370369,1.058148148148148,0,46187.47,0,0,0,1000000,684400,719113.96,2.5348148148148146,2.663333333333333,0,21363.87,0,0,0,0,1638400,0,0,0,45000,91803.47,93027.9,7.5559259259259255,7.656666666666666,0,16071.71,0,0,0
2143,"FORD MATRIZ",FORD,NULL,"2023-01-31 18:01:06",2023-01-31,1,2023,0,93452.11,0,0,0,0,0,0,0,0,0,357876.61,0,0,0,120000,75853.61,73636.24,2.873181818181818,2.789090909090909,200000,282023,281035.22,6.409545454545454,6.387272727272728,0,87637.5,0,0,0,0,630707.32,0,0,0,0,40298.33,0,0,0,0,105791.36,0,0,0,0,27773.54,0,0,0,0,360858.16,0,0,0,0,95985.94,0,0,0,0,110642.77,0,0,0,2500000,1387744,1095681.77,2.523181818181818,1.9922727272727272,0,-23082.6,0,0,0,1000000,564800,546457.19,2.567272727272727,2.484090909090909,0,0,0,0,0,0,0,0,0,0,45000,31146.01,42385.82,3.1459090909090905,4.281363636363636,0,13698.39,0,0,0
2143,"FORD MATRIZ",FORD,NULL,"2023-07-31 23:23:08",2023-07-31,7,2023,0,52716.27,0,0,0,0,2009.158976744186,0,0,0,0,431969.18,0,0,0,120000,75665.38,75067.54,2.335185185185185,2.317037037037037,200000,356303.8,356617.82,6.598148148148148,6.604074074074074,0,107257.17,0,0,0,0,865636.43,0,0,0,0,161854.54,0,0,0,0,159904.23,0,0,0,0,36145.66,0,0,0,0,388232.54,0,0,0,0,119499.46,0,0,0,0,93095.93,0,0,0,2500000,1149770,1194851.85,1.7033333333333334,1.77,0,49116.33,0,0,0,1000000,784690,819027.38,2.906296296296296,3.0333333333333337,0,-700,0,0,0,0,2220764,0,0,0,45000,68736.95,73472.46,5.657407407407407,6.047037037037037,0,15457.19,0,0,0
2143,"FORD MATRIZ",FORD,NULL,"2023-06-30 18:01:12",2023-06-30,6,2023,0,49548.75,0,0,0,0,2174.834240506329,0,0,0,0,343623.81,0,0,0,120000,64997.86,57151.33,2.2566666666666664,1.9845833333333334,200000,278625.95,238414.77,5.804583333333333,4.967083333333333,0,84595.02,0,0,0,0,797308.1,0,0,0,0,118531.56,0,0,0,0,135075.42,0,0,0,0,36051.64,0,0,0,0,391702.8,0,0,0,0,115946.69,0,0,0,0,69480.35,0,0,0,2500000,871800,673386.81,1.4529166666666666,1.1225,0,-19850.57,0,0,0,1000000,196000,230820.31,0.8166666666666668,0.9616666666666666,0,0,0,0,0,0,0,0,0,0,45000,110820.16,104485.16,10.26125,9.674583333333333,0,26416.06,0,0,0
2143,"FORD MATRIZ",FORD,NULL,"2022-12-31 23:23:28",2022-12-31,12,2022,0,78603.73,0,0,0,0,0,0,0,0,0,446469.52,0,0,0,120000,101242.22,102323.95,3.8350000000000004,3.8759090909090905,200000,345227.3,350468.49,7.845909090909092,7.965,0,104166.58,0,0,0,0,717487.98,0,0,0,0,39809.35,0,0,0,0,135126.49,0,0,0,0,45337.73,0,0,0,0,398262.5,0,0,0,0,98951.91,0,0,0,0,86436.47,0,0,0,2500000,917770,954559.15,1.6686363636363637,1.7354545454545454,0,-22547.5,0,0,0,1000000,530000,560486.26,2.409090909090909,2.5477272727272724,0,0,0,0,0,0,0,0,0,0,45000,120982.04,133327.11,12.220454545454546,13.467272727272727,0,16793.81,0,0,0
2143,"FORD MATRIZ",FORD,NULL,"2023-05-31 18:01:06",2023-05-31,5,2023,0,55710.44,0,0,0,0,2450.6603645833334,0,0,0,0,470526.79,0,0,0,120000,79814.88,79597.59,2.77125,2.76375,200000,390711.91,394907.36,8.14,8.227083333333333,0,113613.32,0,0,0,0,836481.27,0,0,0,0,115118.77,0,0,0,0,164374.36,0,0,0,0,40876.67,0,0,0,0,399427.67,0,0,0,0,116683.81,0,0,0,0,84030.37,0,0,0,2500000,1519790,1289808.7,2.5329166666666665,2.1495833333333336,0,17071.75,0,0,0,1000000,1765900,1791427.48,7.357916666666667,7.464166666666666,0,0,0,0,0,0,0,0,0,0,45000,192707.99,185127.45,17.843333333333334,17.14125,0,20455.65,0,0,0
2143,"FORD MATRIZ",FORD,NULL,"2022-11-30 18:01:10",2022-11-30,11,2022,0,39454.22,0,0,0,0,0,0,0,0,0,401842.08,0,0,0,120000,80463.41,76943.94,3.0477272727272724,2.9145454545454546,200000,321378.67,305114.18,7.304090909090909,6.934545454545455,0,96426.9,0,0,0,0,661015.29,0,0,0,0,118709.3,0,0,0,0,71409.57,0,0,0,0,16104.58,0,0,0,0,454791.82,0,0,0,0,0,0,0,0,0,54013.72,0,0,0,2500000,825000,858371.77,1.5,1.5604545454545453,0,17565.88,0,0,0,1000000,237950,269630.46,1.0818181818181818,1.2254545454545456,0,0,0,0,0,0,0,0,0,0,45000,179469.71,192156.29,18.12818181818182,19.409545454545455,0,22236.62,0,0,0
2148,"IMOTORS HYUNDAI",HYUNDAI,NULL,"2023-06-30 18:01:17",2023-06-30,6,2023,0,79570.31,0,0,0,0,794.5373929961089,0,0,0,0,204196.11,0,0,0,70000,45171.73,42245.69,2.68875,2.5145833333333334,180000,159024.38,147650.56,3.68125,3.4179166666666667,0,57302.12,0,0,0,380000,481711.66,0,3.05125,0,0,239273.26,0,0,0,0,54605.1,0,0,0,0,33138.87,0,0,0,0,59179.8,0,0,0,70000,95514.62,0,2.6479166666666667,0,0,243516.63,0,0,0,4000000,6081030,6213662.15,6.334583333333334,6.4725,0,41602.68,0,0,0,0,1079400,1108823.92,0,0,0,0,0,0,0,0,0,0,0,0,13500,17994.89,15429.4,5.554166666666667,4.762083333333334,0,5988.23,0,0,0
2148,"IMOTORS HYUNDAI",HYUNDAI,NULL,"2022-12-31 23:23:28",2022-12-31,12,2022,0,34836.41,0,0,0,0,0,0,0,0,0,251862.01,0,0,0,70000,54077.96,54215.62,3.5113636363636362,3.5204545454545455,160000,197784.05,195168.5,5.619090909090909,5.544545454545455,0,71143.32,0,0,0,380000,484209.53,0,3.299090909090909,0,0,216004.57,0,0,0,0,84355.4,0,0,0,0,32969.47,0,0,0,0,62440.06,0,0,0,70000,88440.02,0,3.348181818181818,0,0,197136.98,0,0,0,4000000,2761480,2907383.78,3.1381818181818186,3.303636363636364,0,807.89,0,0,0,0,1322290,1331409.52,0,0,0,0,0,0,0,0,0,0,0,0,14500,10822.42,10913.7,3.3927272727272726,3.4213636363636364,0,3487.82,0,0,0
2148,"IMOTORS HYUNDAI",HYUNDAI,NULL,"2023-05-31 18:01:11",2023-05-31,5,2023,0,68070.21,0,0,0,0,1001.017268292683,0,0,0,0,205208.54,0,0,0,70000,53689,51001.15,3.1958333333333333,3.035833333333333,180000,151519.54,143742.61,3.5075000000000003,3.3275,0,54050.84,0,0,0,380000,484552.28,0,3.0204166666666663,0,0,230727.15,0,0,0,0,68136.14,0,0,0,0,34188.65,0,0,0,0,54233.32,0,0,0,70000,97267.01,0,2.5437499999999997,0,0,192305.38,0,0,0,4000000,3215070,2986502.67,3.3491666666666666,3.1108333333333333,0,105016.68,0,0,0,0,1733430,1702968.04,0,0,0,0,0,0,0,0,0,0,0,0,13500,16202.44,16601.32,5.0008333333333335,5.12375,0,6010.41,0,0,0
2148,"IMOTORS HYUNDAI",HYUNDAI,NULL,"2022-11-30 18:01:12",2022-11-30,11,2022,0,48045.64,0,0,0,0,0,0,0,0,0,250458.68,0,0,0,70000,59601.99,58897.22,3.8704545454545456,3.8245454545454547,160000,190856.69,186803.22,5.422272727272728,5.306818181818182,0,64274.64,0,0,0,380000,481144.37,0,3.3354545454545454,0,0,212476.91,0,0,0,0,75979.92,0,0,0,0,34009.23,0,0,0,0,72153.81,0,0,0,70000,86524.51,0,3.472272727272727,0,0,256912.21,0,0,0,4000000,3969360,2700453.65,4.510454545454546,3.068636363636364,0,64960.71,0,0,0,0,942600,903547.42,0,0,0,0,0,0,0,0,0,0,0,0,14500,14566.17,14143.16,4.566363636363636,4.433636363636364,0,5115.03,0,0,0
2148,"IMOTORS HYUNDAI",HYUNDAI,NULL,"2023-04-29 23:23:18",2023-04-30,4,2023,0,44354.11,0,0,0,0,0,0,0,0,0,230950.39,0,0,0,70000,58365.94,52538.43,3.7899999999999996,3.411363636363636,180000,172584.45,167315.99,4.358181818181818,4.2250000000000005,0,55662.66,0,0,0,380000,484646.24,0,3.2936363636363635,0,0,228193.47,0,0,0,0,63022.48,0,0,0,0,41583.22,0,0,0,0,52344.39,0,0,0,70000,99502.68,0,2.6295454545454544,0,0,207296.19,0,0,0,4000000,3216330,3216330,3.655,3.655,0,10227.46,0,0,0,0,1212040,1212040,0,0,0,0,0,0,0,0,0,0,0,0,13500,13932.3,13380.45,4.690909090909091,4.505,0,4818.07,0,0,0
2148,"IMOTORS HYUNDAI",HYUNDAI,NULL,"2023-10-31 18:01:16",2023-10-31,10,2023,0,59174.51,0,0,0,0,1276.3426819923372,0,0,0,0,333125.44,0,0,0,60000,93210.43,87446.58,6.472916666666666,6.072500000000001,200000,239915.01,202090.96,4.998333333333333,4.210416666666666,0,88191.12,0,0,0,380000,540875.11,0,2.4025,0,0,275073.02,0,0,0,0,77440.4,0,0,0,0,36429.92,0,0,0,0,50719.31,0,0,0,70000,101212.45,0,2.30875,0,0,337062.3,0,0,0,4000000,3809180,2943438.65,3.967916666666667,3.06625,0,61426.06,0,0,0,1500000,1159400,1050355.62,3.220416666666667,2.9175,0,0,0,0,0,0,0,0,0,0,14500,15923.32,12771.69,4.575833333333333,3.67,0,5398.22,0,0,0
2148,"IMOTORS HYUNDAI",HYUNDAI,NULL,"2023-03-31 18:01:16",2023-03-31,3,2023,0,40099.97,0,0,0,0,0,0,0,0,0,293003.28,0,0,0,70000,73198.08,67865.56,4.753181818181818,4.406818181818182,180000,219805.2,201357.26,5.550454545454546,5.085,0,69613.77,0,0,0,380000,501284.4,0,3.0945454545454543,0,0,243916.37,0,0,0,0,68862.11,0,0,0,0,37037.36,0,0,0,0,55768.39,0,0,0,70000,95700.16,0,2.876818181818182,0,0,377714.41,0,0,0,4000000,4898720,4776172,5.566818181818181,5.427272727272728,0,68828.38,0,0,0,0,1566800,1497931.44,0,0,0,0,0,0,0,0,0,0,0,0,13500,24980.51,25064.86,8.41090909090909,8.439545454545454,0,7945.82,0,0,0
2148,"IMOTORS HYUNDAI",HYUNDAI,NULL,"2023-09-30 23:23:14",2023-09-30,9,2023,0,135139.29,0,0,0,0,1137.033734439834,0,0,0,0,274025.13,0,0,0,60000,60557.6,57292.65,4.205416666666667,3.97875,200000,213467.53,200074.28,4.4470833333333335,4.168333333333334,0,71076.72,0,0,0,380000,538707.07,0,2.42625,0,0,260405.16,0,0,0,0,86043.37,0,0,0,0,39274.16,0,0,0,0,55674.44,0,0,0,70000,97309.94,0,2.5412500000000002,0,0,136608.42,0,0,0,4000000,3500700,3014373.31,3.6466666666666665,3.14,0,52305.78,0,0,0,1500000,1466880,1532722.19,4.074583333333334,4.2575,0,0,0,0,0,0,0,0,0,0,14500,13259.02,13649.71,3.81,3.9225,0,4430.98,0,0,0
2148,"IMOTORS HYUNDAI",HYUNDAI,NULL,"2023-11-01 00:42:16",2023-11-30,11,2023,0,59563.81,0,0,0,0,667.79375,0,0,0,0,5342.35,0,0,0,60000,2174.95,155080.62,0.15083333333333335,10.769583333333335,200000,3167.4,431685.2,0.06583333333333334,8.993333333333334,0,916.93,0,0,0,380000,536163.87,0,2.4541666666666666,0,0,273930.19,0,0,0,0,75987.17,0,0,0,0,36283.6,0,0,0,0,49012.72,0,0,0,70000,100950.2,0,2.3245833333333334,0,0,337062.3,0,0,0,4000000,3809180,4013878,3.967916666666667,4.1812499999999995,0,61426.06,0,0,0,1500000,1159400,1653821,3.220416666666667,4.59375,0,0,0,0,0,0,0,0,0,0,14500,1671.33,31798.32,0.48041666666666666,9.137500000000001,0,604.75,0,0,0
2148,"IMOTORS HYUNDAI",HYUNDAI,NULL,"2023-02-28 18:01:09",2023-02-28,2,2023,0,68647.7,0,0,0,0,0,0,0,0,0,238446.98,0,0,0,60000,54062.71,51158.99,4.095454545454545,3.8754545454545455,180000,184384.27,175420.92,4.656363636363636,4.43,0,65490.45,0,0,0,380000,466301.39,0,3.5131818181818186,0,0,217299.72,0,0,0,0,61923.79,0,0,0,0,35888.85,0,0,0,0,61983.88,0,0,0,70000,89205.16,0,3.2981818181818183,0,0,152111.35,0,0,0,4000000,2163240,2165332.04,2.458181818181818,2.4604545454545454,0,90960.89,0,0,0,0,1185300,965469.92,0,0,0,0,0,0,0,0,0,0,0,0,13500,12318.68,11072.35,4.1477272727272725,3.728181818181818,0,3942.59,0,0,0
2148,"IMOTORS HYUNDAI",HYUNDAI,NULL,"2023-08-31 18:01:17",2023-08-31,8,2023,0,69575.87,0,0,0,0,1127.2174909090909,0,0,0,0,309984.81,0,0,0,70000,70048.23,68310.56,4.169583333333333,4.06625,180000,239936.58,230733.49,5.554166666666667,5.34125,0,80116.58,0,0,0,380000,502461.85,0,2.82375,0,0,257813.25,0,0,0,0,59122.1,0,0,0,0,39332.43,0,0,0,0,55664.06,0,0,0,70000,90530,0,2.9445833333333336,0,0,171145.21,0,0,0,4000000,3030860,3080939.11,3.157083333333333,3.2091666666666665,0,109639.86,0,0,0,1500000,1864100,1793338.3,5.1779166666666665,4.9816666666666665,0,0,0,0,0,0,0,0,0,0,13500,18022.54,18213.85,5.5625,5.621666666666666,0,6117.73,0,0,0
2148,"IMOTORS HYUNDAI",HYUNDAI,NULL,"2023-01-31 18:01:08",2023-01-31,1,2023,0,82078.2,0,0,0,0,0,0,0,0,0,295123.69,0,0,0,60000,68376.2,59941.8,5.18,4.540909090909091,180000,226747.49,190290.53,5.725909090909091,4.805454545454546,0,79859.08,0,0,0,380000,477054.93,0,3.3845454545454543,0,0,221271.5,0,0,0,0,65562.5,0,0,0,0,34349.1,0,0,0,0,72364.23,0,0,0,70000,83507.61,0,3.6681818181818184,0,0,278026.54,0,0,0,4000000,3921280,2933612.27,4.455909090909091,3.333636363636364,0,51144.92,0,0,0,0,1333500,1294182.46,0,0,0,0,0,0,0,0,0,0,0,0,13500,14505.56,14099.25,4.884090909090909,4.747272727272727,0,4879.4,0,0,0
2148,"IMOTORS HYUNDAI",HYUNDAI,NULL,"2023-07-31 23:23:09",2023-07-31,7,2023,0,55070.28,0,0,0,0,946.4952490421456,0,0,0,0,247035.26,0,0,0,70000,58191.97,57364.39,3.4637499999999997,3.4145833333333333,180000,188843.29,187283.77,4.37125,4.335416666666666,0,67040.99,0,0,0,380000,514407.42,0,2.6929166666666666,0,0,251572.22,0,0,0,0,70877.04,0,0,0,0,38137.36,0,0,0,0,61687.87,0,0,0,70000,92132.93,0,2.8491666666666666,0,0,264932.87,0,0,0,4000000,4742890,4577402.08,4.940416666666667,4.7683333333333335,0,95615.84,0,0,0,0,1848270,1837660.5,0,0,0,0,0,0,0,0,0,0,0,0,13500,16561.09,16749.58,5.11125,5.169583333333333,0,5733.81,0,0,0
2147,"SALVACAR AUDI",AUDI,NULL,"2022-12-31 23:23:26",2022-12-31,12,2022,0,2424.69,0,0,0,0,0,0,0,0,0,228799.05,0,0,0,25000,31997.32,33404.99,5.1196,5.3448,140000,196801.73,206055.92,5.6228,5.8872,0,60936.94,0,0,0,0,316827.54,0,0,0,0,74365.23,0,0,0,0,23737.52,0,0,0,0,29709.62,0,0,0,0,31603.74,0,0,0,0,157411.43,0,0,0,0,161491,0,0,0,3000000,1400760,1430983.19,1.8676,1.9080000000000001,0,17210.22,0,0,0,0,1586500.4,0,0,0,0,-705.38,0,0,0,0,302689.99,0,0,0,0,12069.36,0,0,0,0,5643.08,0,0,0
2147,"SALVACAR AUDI",AUDI,NULL,"2023-05-31 18:01:09",2023-05-31,5,2023,0,419640.73,0,0,0,0,6088.214255319149,0,0,0,0,286146.07,0,0,0,25000,29540.23,29957.04,4.376296296296296,4.438148148148148,140000,256605.84,261822.17,6.788518518518519,6.926666666666667,0,46882.67,0,0,0,0,346394.92,0,0,0,0,101621.14,0,0,0,0,22274.86,0,0,0,0,38091.87,0,0,0,0,29907.55,0,0,0,0,154499.5,0,0,0,0,64396.64,0,0,0,3000000,1372579.58,1420403.62,1.6944444444444444,1.7537037037037038,0,43338.62,0,0,0,0,598990,0,0,0,0,459403.85,0,0,0,0,502190,0,0,0,0,6646.81,0,0,0,0,1869.09,0,0,0
2147,"SALVACAR AUDI",AUDI,NULL,"2022-11-30 18:01:11",2022-11-30,11,2022,0,2172.61,0,0,0,0,0,0,0,0,0,348025.85,0,0,0,25000,45206.69,43992.42,8.219545454545456,7.998636363636364,140000,302819.16,300901.87,9.831818181818182,9.769545454545455,0,65029.31,0,0,0,0,333332.81,0,0,0,0,65431.79,0,0,0,0,26480.4,0,0,0,0,40115.66,0,0,0,0,32531.8,0,0,0,0,168773.16,0,0,0,0,129501.5,0,0,0,3000000,1627950,1333757.69,2.4663636363636363,2.020909090909091,0,13064.68,0,0,0,0,494000,0,0,0,0,0,0,0,0,0,0,0,0,0,0,3997.36,0,0,0,0,1401.22,0,0,0
2147,"SALVACAR AUDI",AUDI,NULL,"2023-04-29 23:23:18",2023-04-30,4,2023,0,228533.03,0,0,0,0,0,0,0,0,0,164560.7,0,0,0,25000,29074.06,28369.45,5.286363636363636,5.158181818181818,140000,135486.64,138425.74,4.399090909090909,4.494545454545454,0,38106.04,0,0,0,0,455781.44,0,0,0,0,221145.93,0,0,0,0,19222.27,0,0,0,0,31081.32,0,0,0,0,28676.89,0,0,0,0,155655.04,0,0,0,0,61343.14,0,0,0,3000000,809880,809880,1.2272727272727273,1.2272727272727273,0,10990.43,0,0,0,0,285000,0,0,0,0,0,0,0,0,0,0,0,0,0,0,6568,0,0,0,0,1935.58,0,0,0
2147,"SALVACAR AUDI",AUDI,NULL,"2023-10-31 18:01:13",2023-10-31,10,2023,0,35965.81,0,0,0,0,4289.862045454545,0,0,0,0,188753.93,0,0,0,25000,21915.11,21642.01,3.2466666666666666,3.206296296296296,140000,166838.82,175786.25,4.413703703703704,4.6503703703703705,0,40527.48,0,0,0,0,319733.59,0,0,0,0,91629.34,0,0,0,0,23644.78,0,0,0,0,34050.38,0,0,0,0,28045.13,0,0,0,0,142363.96,0,0,0,0,67377.43,0,0,0,4000000,1338120.61,1049836.92,1.238888888888889,0.9722222222222222,0,18322.9,0,0,0,1500000,1067000,1104540.23,2.634444444444444,2.7274074074074073,0,81478.5,0,0,0,0,1090380,0,0,0,0,38578.74,0,7.407407407407407,0,0,11466.58,0,0,0
2147,"SALVACAR AUDI",AUDI,NULL,"2023-03-31 18:01:14",2023-03-31,3,2023,0,6328.13,0,0,0,0,0,0,0,0,0,141123.04,0,0,0,25000,26549.38,24113.77,4.248,3.8583999999999996,140000,114573.66,116806.38,3.2736,3.3372,0,38419.05,0,0,0,0,326330.15,0,0,0,0,88138.23,0,0,0,0,16617.82,0,0,0,0,35997.28,0,0,0,0,28973.28,0,0,0,0,156603.55,0,0,0,0,75752.16,0,0,0,3000000,1154380,1203646.26,1.5392,1.6048,0,44412.17,0,0,0,0,1678456,0,0,0,0,52576.4,0,0,0,0,658455.1,0,0,0,0,16991.51,0,0,0,0,6100.17,0,0,0
2147,"SALVACAR AUDI",AUDI,NULL,"2023-09-30 23:23:14",2023-09-30,9,2023,0,65359.66,0,0,0,0,5861.732962962963,0,0,0,0,158266.79,0,0,0,25000,23347.97,24864.35,3.458888888888889,3.6837037037037033,140000,134918.82,145012.24,3.5692592592592596,3.8362962962962963,0,29797.53,0,0,0,0,344232.34,0,0,0,0,114315.11,0,0,0,0,20411.8,0,0,0,0,37475.16,0,0,0,0,24148.18,0,0,0,0,147882.09,0,0,0,0,82602.13,0,0,0,4000000,1084370,719708.65,1.0040740740740741,0.6662962962962963,0,32717.88,0,0,0,1500000,843900,888133.69,2.0837037037037036,2.192962962962963,0,56667.2,0,0,0,0,709590,0,0,0,0,9785.5,0,7.407407407407407,0,0,3748.41,0,0,0
2147,"SALVACAR AUDI",AUDI,NULL,"2023-02-28 18:01:08",2023-02-28,2,2023,0,1076.02,0,0,0,0,0,0,0,0,0,188333.39,0,0,0,25000,24676.51,23019.23,3.9484,3.6832,140000,163656.88,151686.19,4.676,4.334,0,49028.69,0,0,0,0,329348.68,0,0,0,0,86225.45,0,0,0,0,24019.22,0,0,0,0,29980.42,0,0,0,0,29992.61,0,0,0,0,159130.98,0,0,0,0,49436.24,0,0,0,3000000,677880,717401.92,0.904,0.9564,0,-12330,0,0,0,0,785000,0,0,0,0,177759.59,0,0,0,0,2567725.4,0,0,0,0,6949.26,0,0,0,0,2516.44,0,0,0
2147,"SALVACAR AUDI",AUDI,NULL,"2023-08-31 18:01:16",2023-08-31,8,2023,0,63924.22,0,0,0,0,4775.7479310344825,0,0,0,0,276993.38,0,0,0,25000,44308.63,44470.58,6.564074074074074,6.588148148148148,140000,232684.75,234466.13,6.155555555555555,6.202962962962963,0,57874.29,0,0,0,0,373073.25,0,0,0,0,136207.96,0,0,0,0,19822.58,0,0,0,0,39876.43,0,0,0,0,27400.17,0,0,0,0,149766.11,0,0,0,0,114490.42,0,0,0,4000000,2550337.5,2597854.28,2.3614814814814813,2.4055555555555554,0,18544.81,0,0,0,1500000,921000,726074.37,2.274074074074074,1.7925925925925925,0,83001.86,0,0,0,0,1398391,0,0,0,0,22560.8,0,7.407407407407407,0,0,7649.36,0,0,0
2147,"SALVACAR AUDI",AUDI,NULL,"2023-01-31 18:01:08",2023-01-31,1,2023,0,35665.53,0,0,0,0,0,0,0,0,0,151668.22,0,0,0,25000,21641.49,22016.22,3.4627999999999997,3.5224,140000,130026.73,135851.12,3.7152,3.8816,0,41410.94,0,0,0,0,314763.16,0,0,0,0,72970.62,0,0,0,0,20698.46,0,0,0,0,32713.15,0,0,0,0,30934.78,0,0,0,0,157446.15,0,0,0,0,-23888.24,0,0,0,3000000,1742180,934334.62,2.3228,1.2456,0,60511.02,0,0,0,0,824700,0,0,0,0,21814.25,0,0,0,0,292190,0,0,0,0,7997.53,0,0,0,0,2895.35,0,0,0
2147,"SALVACAR AUDI",AUDI,NULL,"2023-07-31 23:23:09",2023-07-31,7,2023,0,27768.47,0,0,0,0,3565.2889130434783,0,0,0,0,164003.29,0,0,0,25000,24562.77,24932.6,4.09375,4.1554166666666665,140000,139440.52,144673.73,4.1499999999999995,4.305833333333333,0,36069.58,0,0,0,0,326866.31,0,0,0,0,92745.43,0,0,0,0,19766.72,0,0,0,0,38392.19,0,0,0,0,22285.1,0,0,0,0,153676.87,0,0,0,0,57170.4,0,0,0,3000000,721380,769741.81,1.0020833333333334,1.0691666666666666,0,71604.13,0,0,0,0,1601000,0,0,0,0,0,0,0,0,0,0,0,0,0,0,12700.43,0,0,0,0,3649.85,0,0,0
2147,"SALVACAR AUDI",AUDI,NULL,"2023-11-01 00:42:18",2023-11-30,11,2023,0,37182.53,0,0,0,0,4289.862045454545,0,0,0,0,188753.93,0,0,0,25000,21915.11,38307,3.2466666666666666,5.6751851851851844,140000,166838.82,270059,4.413703703703704,7.144444444444445,0,40527.48,0,0,0,0,323937.91,0,0,0,0,94801.94,0,0,0,0,28702.07,0,0,0,0,33925.13,0,0,0,0,27230.13,0,0,0,0,139278.64,0,0,0,0,67377.43,0,0,0,4000000,1338120.61,1607138,1.238888888888889,1.4881481481481482,0,18322.9,0,0,0,1500000,1067000,1080529,2.634444444444444,2.6681481481481484,0,81478.5,0,0,0,0,1090380,0,0,0,0,38578.74,0,7.407407407407407,0,0,11466.58,0,0,0
2147,"SALVACAR AUDI",AUDI,NULL,"2023-06-30 18:01:15",2023-06-30,6,2023,0,28542.91,0,0,0,0,9339.541875,0,0,0,0,597730.68,0,0,0,25000,68718.28,62176.08,10.18037037037037,9.21111111111111,140000,529012.4,496447.54,13.995185185185186,13.133703703703704,0,151138.96,0,0,0,0,317806.89,0,0,0,0,87426.06,0,0,0,0,19108.53,0,0,0,0,32773.6,0,0,0,0,24084.7,0,0,0,0,154414,0,0,0,0,75187.65,0,0,0,3000000,1500002.3,1242380.72,1.8518518518518519,1.5337037037037036,0,47955.3,0,0,0,0,940000,0,0,0,0,106272.59,0,0,0,0,1360101,0,0,0,0,8805.9,0,0,0,0,3256.69,0,0,0
2146,"SALVATERRA HPE",MMC,NULL,"2023-05-31 18:01:07",2023-05-31,5,2023,0,51032.05,0,0,0,0,2305.416944444444,0,0,0,0,165990.02,0,0,0,20500,27106.44,25363.45,5.509583333333333,5.155,137500,138883.58,130145.78,4.20875,3.94375,0,33142.3,0,0,0,167000,186189.37,0,3.6879166666666667,0,0,16048.14,0,0,0,0,55143.77,0,0,0,0,10937.17,0,0,0,0,78702.04,0,0,0,39500,25358.25,0,5.658333333333334,0,0,64355.76,0,0,0,2000000,1012000,417252.26,2.1083333333333334,0.8691666666666666,0,32005.54,0,0,0,1000000,1276000,1288391.52,5.316666666666666,5.368333333333333,0,0,0,0,0,0,0,0,0,0,12500,24747.9,23761.23,8.249166666666666,7.920416666666667,0,7418.13,0,0,0
2146,"SALVATERRA HPE",MMC,NULL,"2022-11-30 18:01:11",2022-11-30,11,2022,0,59579.67,0,0,0,0,0,0,0,0,0,131952.61,0,0,0,20500,16564.89,16896.75,3.6727272727272724,3.7463636363636366,137500,115387.72,116003.4,3.8145454545454545,3.8350000000000004,0,31001.79,0,0,0,167000,243922.28,0,2.4518181818181817,0,0,17441.47,0,0,0,0,93771.33,0,0,0,0,12222.67,0,0,0,0,87074.84,0,0,0,39500,33411.97,0,5.245909090909091,0,0,159091.38,0,0,0,2500000,1687000,1726234.81,3.0672727272727274,3.1386363636363637,0,-6686,0,0,0,1000000,415000,460166.58,1.8863636363636365,2.091818181818182,0,0,0,0,0,0,0,0,0,0,12500,14783.3,15418.84,5.375909090909091,5.6068181818181815,0,5413.87,0,0,0
2146,"SALVATERRA HPE",MMC,NULL,"2023-04-29 23:23:17",2023-04-30,4,2023,0,4689.9,0,0,0,0,0,0,0,0,0,148259.96,0,0,0,20500,23765.42,17737.72,5.2695454545454545,3.933181818181818,137500,124494.54,96988.13,4.115454545454546,3.2063636363636365,0,30907.3,0,0,0,167000,244894.44,0,2.4254545454545453,0,0,15039.02,0,0,0,0,78305.69,0,0,0,0,10766.36,0,0,0,0,101267.25,0,0,0,39500,39516.12,0,4.543636363636363,0,0,29982.11,0,0,0,2000000,522980,522980,1.1886363636363635,1.1886363636363635,0,-10553,0,0,0,1000000,623000,623000,2.8318181818181816,2.8318181818181816,0,0,0,0,0,0,0,0,0,0,12500,14698,14106.88,5.344545454545455,5.13,0,4783.41,0,0,0
2146,"SALVATERRA HPE",MMC,NULL,"2023-10-31 18:01:12",2023-10-31,10,2023,0,4091.9,0,0,0,0,0,0,0,0,0,0,0,0,0,0,0,0,0,0,0,0,0,0,0,0,0,0,0,0,0,0,0,0,0,0,0,0,0,0,0,0,0,0,0,0,0,0,0,0,0,0,0,0,0,0,0,0,0,0,0,0,0,0,0,0,0,0,0,0,0,0,0,0,0,0,0,0,0,0,0,0,0,0,0,0,0,0,0,0,12500,2000,2626.92,2.6666666666666665,3.5033333333333334,0,-82259.39,0,0,0
2146,"SALVATERRA HPE",MMC,NULL,"2023-03-31 18:01:12",2023-03-31,3,2023,0,33943.41,0,0,0,0,0,0,0,0,0,145856.27,0,0,0,20500,18264.98,17518.24,4.05,3.8840909090909093,137500,127591.29,122629.07,4.217727272727273,4.053636363636364,0,35247.38,0,0,0,167000,218430.34,0,3.1454545454545455,0,0,20941.25,0,0,0,0,69600.6,0,0,0,0,10833.71,0,0,0,0,74950.19,0,0,0,39500,42104.6,0,4.245909090909091,0,0,70001.26,0,0,0,2000000,763190,538111.3,1.7345454545454544,1.2231818181818181,0,12496.7,0,0,0,1000000,136000,154010.7,0.6181818181818182,0.7000000000000001,0,0,0,0,0,0,0,0,0,0,12500,24348.5,24937.98,8.854090909090909,9.068181818181818,0,7381.31,0,0,0
2146,"SALVATERRA HPE",MMC,NULL,"2023-09-30 23:23:15",2023-09-30,9,2023,0,4091.9,0,0,0,0,2526.87,0,0,0,0,55591.14,0,0,0,20500,5225.41,6019.14,1.341578947368421,1.545263157894737,137500,50365.73,55215.46,1.9278947368421053,2.1136842105263156,0,14829.38,0,0,0,167000,84161.91,0,7.873684210526315,0,0,1131.67,0,0,0,0,17717.36,0,0,0,0,9943.65,0,0,0,0,36433.85,0,0,0,39500,18935.38,0,8.003157894736843,0,0,0,0,0,0,2000000,219205.04,243416,0.5768421052631579,0.6405263157894737,0,0,0,0,0,0,0,0,0,0,0,0,0,0,0,0,0,0,0,0,0,0,0,0,0,0,0,0,0,0
2146,"SALVATERRA HPE",MMC,NULL,"2023-02-28 18:01:07",2023-02-28,2,2023,0,26232.83,0,0,0,0,0,0,0,0,0,196402.49,0,0,0,20500,39201.32,34238.49,8.692272727272726,7.591818181818183,137500,157201.17,147064.12,5.196818181818181,4.861818181818181,0,42791.9,0,0,0,167000,213218.31,0,3.287272727272727,0,0,19077.16,0,0,0,0,74202.42,0,0,0,0,7988.97,0,0,0,0,72246.68,0,0,0,39500,39703.09,0,4.522272727272727,0,0,93451.57,0,0,0,2000000,974000,285446.96,2.213636363636364,0.6486363636363636,0,10426.7,0,0,0,1000000,296000,178585.75,1.3454545454545455,0.8118181818181818,0,0,0,0,0,0,0,0,0,0,12500,8554,6331.42,3.110454545454546,2.3022727272727272,0,2362.68,0,0,0
2146,"SALVATERRA HPE",MMC,NULL,"2023-08-31 18:01:14",2023-08-31,8,2023,0,4353.9,0,0,0,0,1688.2085454545454,0,0,0,0,92851.47,0,0,0,20500,11873.65,12116.68,3.217777777777778,3.283888888888889,137500,80977.82,81943.74,3.2716666666666665,3.3111111111111113,0,19543.15,0,0,0,167000,100550.75,0,7.766111111111111,0,0,4097.95,0,0,0,0,23104.59,0,0,0,0,13511.42,0,0,0,0,40163.84,0,0,0,39500,19672.96,0,8.344444444444443,0,0,0,0,0,0,0,0,0,0,0,0,0,0,0,0,0,0,0,0,0,0,0,0,0,0,0,0,0,0,0,12500,5219,6018.78,2.3194444444444446,2.675,0,1814.93,0,0,0
2146,"SALVATERRA HPE",MMC,NULL,"2023-01-31 18:01:07",2023-01-31,1,2023,0,29058.9,0,0,0,0,0,0,0,0,0,192809.4,0,0,0,20500,22402.81,21110.08,4.967272727272728,4.680909090909091,137500,170406.59,156852.95,5.633181818181819,5.185,0,40544.22,0,0,0,167000,222230.72,0,3.0422727272727275,0,0,13721.13,0,0,0,0,74808.16,0,0,0,0,9488.2,0,0,0,0,77245.4,0,0,0,39500,46967.84,0,3.685909090909091,0,0,114606.37,0,0,0,2000000,1255990,1297481.5,2.8545454545454545,2.9486363636363637,0,-19750,0,0,0,1000000,310000,234399.5,1.4090909090909092,1.0654545454545454,0,0,0,0,0,0,0,0,0,0,12500,9220,8280.19,3.352727272727273,3.0109090909090908,0,2859.73,0,0,0
2146,"SALVATERRA HPE",MMC,NULL,"2023-07-31 23:23:09",2023-07-31,7,2023,0,8231.9,0,0,0,0,2047.828888888889,0,0,0,0,129013.22,0,0,0,20500,20233.74,20915.91,4.7,4.8585714285714285,137500,108779.48,114691.99,3.767142857142857,3.971904761904762,0,27777.69,0,0,0,167000,125257.96,0,5.9523809523809526,0,0,7925.28,0,0,0,0,27262.86,0,0,0,0,14986.55,0,0,0,0,52704.71,0,0,0,39500,22378.55,0,6.826190476190476,0,0,0,0,0,0,0,0,0,0,0,0,17130,0,0,0,1000000,168000,188226.27,0.8,0.8961904761904762,0,0,0,0,0,0,0,0,0,0,12500,2565,3351.08,0.9771428571428571,1.2766666666666666,0,708.16,0,0,0
2146,"SALVATERRA HPE",MMC,NULL,"2023-06-30 18:01:14",2023-06-30,6,2023,0,6748.82,0,0,0,0,2809.32472972973,0,0,0,0,207890.03,0,0,0,20500,27079.27,25697.53,6.29,5.969047619047619,137500,180810.76,172106.69,6.261904761904762,5.96047619047619,0,43955.9,0,0,0,167000,155390.07,0,5.092857142857143,0,0,4394.93,0,0,0,0,39265.45,0,0,0,0,13706.19,0,0,0,0,71045.48,0,0,0,39500,26978.02,0,6.2714285714285705,0,0,0,0,0,0,0,0,0,0,0,0,37239,0,0,0,1000000,481000,500119.27,2.2904761904761903,2.3814285714285712,0,0,0,0,0,0,0,0,0,0,12500,35010,28538.35,13.337142857142856,10.871904761904762,0,-1064.54,0,0,0
2146,"SALVATERRA HPE",MMC,NULL,"2022-12-31 23:23:26",2022-12-31,12,2022,0,71572.07,0,0,0,0,0,0,0,0,0,174458.62,0,0,0,20500,22766.88,22745.85,5.845263157894737,5.84,137500,151691.74,147871.84,5.806315789473683,5.66,0,40551.46,0,0,0,167000,216822.11,0,3.693157894736842,0,0,18581.26,0,0,0,0,76956.08,0,0,0,0,8023.1,0,0,0,0,78522.48,0,0,0,39500,34739.2,0,5.897368421052631,0,0,0,0,0,0,0,0,0,0,0,0,-7610,0,0,0,1000000,372000,411198.15,1.9578947368421054,2.1642105263157894,0,0,0,0,0,0,0,0,0,0,12500,25603,26268.37,10.78,11.060526315789474,0,5840.35,0,0,0
2146,"SALVATERRA HPE",MMC,NULL,"2023-11-01 09:01:29",2023-11-30,11,2023,0,4091.9,0,0,0,0,0,0,0,0,0,0,0,0,0,0,0,0,0,0,0,0,0,0,0,0,0,0,0,0,0,0,0,0,0,0,0,0,0,0,0,0,0,0,0,0,0,0,0,0,0,0,0,0,0,0,0,0,0,0,0,0,0,0,0,0,0,0,0,0,0,0,0,0,0,0,0,0,0,0,0,0,0,0,0,0,0,0,0,0,12500,2000,12747,2.6666666666666665,16.996666666666666,0,-82259.39,0,0,0
